,MinTemp,MaxTemp,Rainfall,Evaporation,Sunshine,WindGustSpeed
MinTemp,1.0,0.7524707945910011,0.20193871552632195,0.6499301753239114,0.03571111348340142,0.21801954747799923
MaxTemp,0.7524707945910011,1.0,-0.07355958395751698,0.690026268347107,0.4520635161782452,0.10967234403181993
Rainfall,0.20193871552632195,-0.07355958395751698,1.0,-0.007292963362514357,-0.1509903607078788,0.09619040591604003
Evaporation,0.6499301753239114,0.690026268347107,-0.007292963362514357,1.0,0.318025230129498,0.28847748853084726
Sunshine,0.03571111348340142,0.4520635161782452,-0.1509903607078788,0.318025230129498,1.0,0.09584271677314674
WindGustSpeed,0.21801954747799923,0.10967234403181993,0.09619040591604003,0.28847748853084726,0.09584271677314674,1.0
